reviewText,Sentiment
"Windows 7 Starter is terrific (no you can't change the background) but I don't need to, I use it just for school work.",neutral
We paid and left because we didn't feel like arguing any more.,negative
I don't really have a complaint.,positive
They are loud and clunky but I figured I'd get used to it.,negative
Just wish there were more USB ports.,negative
"I'm glad I bought this laptop, it was worth the few ($100) extra dollars.",neutral
Frustrated I hung up and tried to call back 3 days later to be told that it takes 2-3 days for turnaround time.,negative
"Love the graphics, awesome programs (including Garageband), and really cool default background.",positive
"The laptop itself is very good, it could be better, but not bad at all for it's price point.",neutral
I've been impressed with the battery life and the performance for such a small amount of memory.,neutral
The OS is still as fast as the day that the laptop was purchased and continues to run flawlessly.,positive
"I really like the Mac 15.4in. Notebook, but its very pricey.",negative
It does not keep internet signals no matter where you bring it.,negative
"I upgraded the memory and replaced the base Windows 7 Starter to Win 7 Home, and it runs just fine.",neutral
"I love its solid build, light wt and excellent battery life (for now).",positive
Sauce was watery and the food didn't have much flavor.,negative
"Fabulous decor - makes you feel like you're in a trendy Manhattan restaurant, very very good food, cheaply-priced, generally friendly staff, and if you're a Manhattanite, or spend most of your time in Manhattan, Rice Avenue will make you feel at home.....very Soho/Village/Upper West Side minus the expensive prices and pretentious clientele.....all on Roosevelt Avenue!",positive
"Graphics are clean and sharp, internet interfaces are seamless.",positive
Sound card is limited though.,negative
The scallion pancakes and fried dumplings were nothing out of the ordinary.,neutral
so the fact that the computer does not work on the 24 twenty fourth day is my fault.,negative
"I have spent more than 2.5 hours on the phone with them (over 4 different calls), only to get no where.",negative
Well...they can run but they can't hide.,negative
"Also, the touchpad is almost 'sticky', which kind of defeats the purpose of a touchpad.",negative
"The improvements to the OS have been relatively gradual, but substantive.",positive
2nd Best computer in the world  only one way this computer might become the best is that it needs to upgreade patches  to make less easier for people to hack into,neutral
I highly recommend the restaurant based on our experience last night.,positive
"It hangs, freezes and just isn't working properly.",negative
I am happy i did the food was awsome.,positive
I would recomend this acer to parents and grandparents it can really help them in school.,positive
"Admittedly some nights inside the restaurant were rather warm, but the open kitchen is part of the charm.",negative
"The lesson learned here is: It does not pay to by this loyal to any brand, since all of them are there to simply  to make as much money as possible, as fast as they can, and in this day and age, the customer no longer is right all the times.",negative
Cords coming out the right for power plus cords coming out front for headphones/mic plus network connection on left make for a very messy setup with cords going every direction.,negative
Prices too high for this cramped and unappealing resturant.,negative
We were then shooed inside.,negative
the i3 processor doesn't seem to run hot and the fan rarely turns on.,positive
You cannot go wrong with this place.,positive
The right speaker did not work.,negative
Quite simply this is the best laptop I have ever owned.,positive
The one thing I wish it had was a detailed hardcopy manuel.,negative
THe perfect spot.,positive
So what you really end up paying for is the restaurant not the food.,neutral
Perfect trifecta!,positive
Great laptop from Apple!,positive
Didn't work when shipped from Walmart.com but went into a store and exchanged for a working laptop (same make/model).,neutral
"Overall, it's ok.",neutral
Still getting use to Window 8.,neutral
"Their calzones are horrific, bad, vomit-inducing, YUCK.",negative
"The processor went on me, the fan went and the motherboard went.",negative
But $500 for a dinner for two that didn't include Wine?,negative
You can get a table without a reservation if you get there early I they don't make you by bottles.,positive
"Only issue is that it is a little slow, and I'm fixing that by adding more RAM.",neutral
If this is an improvement in Customer Service then I would hate too see what it was before!,negative
"Well, this place is so Ghetto its not even funny.",negative
"If you go here, do it on his off-night.",negative
"I wish it had a webcam though, then it would be perfect!",positive
"It could be lighter, but couldn't everything.",neutral
Love the computer.,positive
"I prefer typing without having to see the keyboard but due the large touchpad, i always have to type cautiously as my hand might take me somewhere else.",negative
I really recommend the very simple Unda (Egg) rolls.,positive
Shame on this place for the horrible rude staff and non-existent customer service.,negative
I even installed a windows partition to be able to run Windows software.,positive
What you are paying for is the environment and the name.,neutral
"The tables are crammed way too close, the menu is typical of any Italian restaurant, and the wine list is simply overpriced.",neutral
This place survives on reputation alone.,negative
2nd Best computer in the world  only one way this computer might become the best is that it needs to upgreade patches  to make less easier for people to hack into,positive
Dealing with HP support is a ridiculous and painful experience.,negative
It had most of the features and all of the power that I wanted to replace my desktop machine.,positive
Can’t believe how an expensive NYC restaurant can be so disrespectful to its clients.,negative
The food is reliable and the price is moderate.,neutral
The processor a AMD Semprom at 2.1 ghz is a bummer it does not have the power for HD or heavy computing.,negative
"Seriously, save yourself the hassle and purchase from a different company.",negative
"It was slow, locked up, and also had hardware replaced after only 2 months!",negative
"Great, quick laptop for the money.",neutral
Prices are in line.,neutral
Don't expect it to be a champion performer so if you want to play games or whatever this is not the computer for you.,negative
The decor however seems to be the distraction so you won't notice that you just payed 300 bucks for some cold eggplant that took 2 FRICKIN HOURS TO COME!!!!,negative
The display is good quality.,positive
and its really cheap and you wont regret buying it.,positive
It drives me crazy when I want to download a game or something of that nature and I can't play it because its not compatable with the software.,negative
"Good spreads, great beverage selections and bagels really tasty.",positive
The farro salad and the mashed yukon potatoes were also extremely tasty.,positive
The reflectiveness of the display is only a minor inconvenience if you work in a controlled-lighting environment like me (I prefer it dark) or if you can crank up the brightness.,neutral
Has a built in camera which i do not use.,neutral
It is by far one of the greatest investments I have ever made.,positive
I will NEVER return.,negative
Moderate prices.,neutral
"I have reservations about the all you can eat deal, however -- the choices are fairly limited and you can probably order more food than you can eat for less than $18 by just going off the menu.",negative
They are asking me to ship the unit back to fix it at their site.,neutral
"Waited on getting this computer, but it has been a great change.",positive
Not what I would expect for the price and prestige of this location.,neutral
bottles of wine are cheap and good.,positive
"Probably not a gaming machine, which I have zero interest in.",neutral
"I love this computer, this is my first ever Mac (I'm 21) and it took a little while to switch over from the OS I was used to, but it was a fast learning curve.",neutral
Never been hacked.,positive
This product was DOA.,negative
I don't think I would go again.,negative
I regret buying it before understanding how awful it is to use.,negative
Friendly staff that actually lets you enjoy your meal and the company you're with.,positive
Traditional French decour was pleasant though the hall was rather noisy - the restaurant was full and we had to raise our voices to be able to maintain a conversation.,positive
The newer MacBook that I have purchased is one of the best computers.,positive
The mouse is a little bit different than what you're used to though- it has one big flat panel and one full bar (instead of two separate ones) to click with- but you get used to it quite quickly.,neutral
"great food, great wine list, great service in a great neighborhood...",positive
Additional caveat: the base installation comes with some Toshiba-specific software that may or may not be to a user's liking.,neutral
I have been going back again and again.,positive
"I love this computer, this is my first ever Mac (I'm 21) and it took a little while to switch over from the OS I was used to, but it was a fast learning curve.",positive
"There are several programs for school or office use (Pages, Numbers, Keynote, etc.), music (Garageband), photo management (Photo Booth, iPhoto), video-editing or movie-making (iMovie), etc.",neutral
I'm really impressed with the quality and performance for the price of the computer.,neutral
"The wait here is long for dim sum, but if you don't like sharing tables or if the typical raucous dim sum atmosphere is not your gig, this is a sleek (for Chinatown) alternative.",negative
everyone was cheerfully cooperative and helpful.,positive
Overall for the money this is a good deal.,neutral
"The service is ok, some of the people didn't get what they asked for.",neutral
"The food is outstanding and the service is quick, friendly and very professional.",positive
"I just love this lap top, I just wish it were all silver or they had all black.",neutral
"I was there for brunch recently, and we were tag teamed by a waitress and a waiter.",negative
The battery doesn't last long but I'm sure an upgrade battery would solve that problem.,neutral
"Food was just average...if they lowered the prices just a bit, it would be a bigger draw.",neutral
i would shop around for a better one.,negative
"If you're looking for something to fly through those massive spreadsheets or play a graphics-intensive game, you'd be better off getting a machine aimed at that segment of the market.",neutral
"From the spectacular caviar to the hospitable waitstaff, I felt like royalty and enjoyed every second of it.",positive
I have had to send in my laptop three times to get it fixed.,negative
"Going to Bark is always worth the train ride, and will make your tongue and belly very happy!",positive
I didn't want to buy a generic brand computer but it is really nice.,neutral
I have to keep turning it until it decides to lower and there is no mute.,negative
Don't expect it to be a champion performer so if you want to play games or whatever this is not the computer for you.,neutral
We had a very nice time.,positive
It's a pleasure to type on.,positive
"The decor in this place is very diner-ish and the kind of place you expect in the East Village - not romantic, just simple, small and sparse.",neutral
So i would not reccomend anyone buying this computer,negative
Even for a 4GB RAM it barely chugs with 3 tabs open.,neutral
Fantastic!,positive
i love margherita pizza – i looove east village pizza,positive
It is one the nicest outdoor restaurants I have ever seen in NY--I am from Italy and this place rivals the ones in my country.,positive
I also had a problem with the touchpad that caused the mouse pointer to jump all over the screen.,negative
"However, if you want great food at a great price and don't mind the decor, you can't beat this place.",neutral
Unless you want to be inconvenienced with a non working power supply which you can't find a replacement for because they made the attachment so small.,negative
He loves it and it is easy to use and well the schools start teaching the kids early about computers so it was easy for him to get started.,positive
Will not be back.,negative
"Inexpensive, unassuming, great time!",positive
What you are paying for is the environment and the name.,neutral
"Service was just ok, it is not what you'd expect for $500.",negative
"I look forward to years of use, it has held up well over the years and it fits my needs very well.",positive
"those rolls were big, but not good and sashimi wasn't fresh.",neutral
I called Toshiba and they want me to be without my laptop for about two weeks while they look at the problem.,negative
"Be sure to try the seasonal, and always delicious, specials.",positive
I don't appreciate places or people that try to drive up the bill without the patron's knowledge so that was a huge turnoff (more than the price).,negative
My mac laptop is fabulous in both areas.,positive
Sometimes you really have to tap the pad to get it to work,negative
"With the exception of our lemon salad that had so much pepper on it that our eyes started watering, the food here was decent, not great.",neutral
Food was good and the view of the new york city skiline was terrific even on a foggy rainy day like that of when I went.,positive
It wont wow you with its speed but who can complain at $249.,neutral
The battery is pretty soild.,positive
The cover is a soft rubber texture without the friction.,positive
It is also extremely well priced.,positive
The location and ambience is Ok but the food is what makes up for it.,neutral
Great PC.,positive
"At $120 for two people, however, this in no way represents value, unless you're looking to pay by the hour for passive-aggressive torture.",negative
"I will give advise any prospective buyers this is not great laptop, Its good for web browsing and word processing",neutral
They have authentic Indian at amazin prices.,positive
The cords always feel like they are in my way.,negative
Fast enough for my purposes.,positive
I do not recommend this company or their products!!!!,negative
Just want to warn you all - don't waste your time and money.,negative
"The menu looked great, and the waiter was very nice, but when the food came, it was average.",neutral
This was purchased for my daughter and I was pleasantly surprised.,positive
"I wiped nearly everything off of it, installed OpenOffice and Firefox, and I am operating an incredibly efficient and useful machine for a great price.",negative
"My laptop was easy to set-up, and I've had no problems to date.",positive
"Also, they do not take credit card so come with cash!",neutral
"I love my Apple, it is quick and easy to use.",positive
Highly impressed from the decor to the food to the hospitality to the great night I had!,positive
The atmosphere is noisy and the waiters are literally walking around doing things as fast as they can.,positive
"Delicate spices, onions, eggs and a kick-ass roti.",positive
"Very immature bartender, didnt know how to make specific drinks, service was so slowwwww, the food was not fresh or warm, waitresses were busy flirting with men at the bar and werent very attentive to all the customers.",negative
"I am very happy I bought this Mac, well worth the extra money.",neutral
"I bought this netbook for traveling, and it's great - light, functional, and meets my needs.",positive
I am not happy at all with the product I purchased.,negative
"The atmosphere isn't the greatest , but I suppose that's how they keep the prices down .",neutral
"its just a fun place to go, not a five star restaraunt.",neutral
great toppings definitely a place you need to check out for late night munchies or a mid day boost!,positive
"The PC is works well with a good battery and a power cable, and has a web cam.",positive
But for the price its good.,neutral
"Service here was great, food was fantastic.",positive
great food,positive
A good value for the money.,neutral
I was looking for banana tempura for dessert and they dont have.,negative
But that's not a deal-breaker.,neutral
"Well, I started using Google Chrome, which is a little better, but it freezes too sometimes.",negative
"The food was amazing, and the service was prompt and helpful, but not over-bearing or rushed.",positive
This is my first Dell I heard their customer service was lacking and that they were working on improving it!,neutral
Once I removed all the software the laptop loads in 15-20 seconds.,negative
A tip for people looking into this computer: DO NOT BUY IT save up a bit more money and buy a computer that will last.,negative
When it come time for warranty service to Toshiba you don't matter.,negative
The high prices you're going to pay is for the view not for the food.,neutral
"If they can fix this, I think it would be a very nice, cost-effective laptop.",positive
"Bukhara Grill, the tagline says it all.. ""INDIAN SPICE RAVE""",positive
"The Final Cut Pro on this laptop is so fast and easy, and I can use this to seemlessly transfer all my work to my home computer, which is also a mac.",positive
Terrible Waste of money.. scammers,negative
We've tried before but it always packed and doesn't take reservations.,neutral
"Tiny, forgivable drawback - no ethernet cable outlet.",neutral
"It doesn't have a lot of frills, but I didn't need any, and being able to buy what I needed, and not more than I needed was very important.",neutral
Works at a decent speed.,neutral
"my information was all lost (my fault, I know, but I never thought I would need to back up my information on a brand new Mac, the paragon of all computers!",negative
This laptop is insane!!!,positive
The service was friendly and the atmosphere was casual.,neutral
"A little pricey but it is well, well worth it.",negative
"An awesome organic dog, and a conscious eco friendly establishment.",positive
Only thing I would want to add to this is an internal bluray read/write drive.,neutral
It is a lot of fun with live entertainment and all kinds of Disney type special effects.,positive
"Food was very good as well, considering that we tried the budget selection (though I wish the pork belly that I ordered was roasted a bit longer, so that fat was more of a melt-in-your-mouth experience).",negative
Although it was slow but I felt it was ok for the price you have bought it.,neutral
We had a good time.,positive
"Keyboard is nice and windows 8.1 is great, worried about that coming from xp.",positive
"It is a big big, but since it has a 18.4"" screen what would you expect!",neutral
Terrible Waste of money.. scammers,negative
"Easy to carry, can be taken anywhere, can be hooked up to printers,headsets.",positive
Of course this will decrease your battery life.,neutral
GREAT INVESTMENT!,positive
The atmosphere is noisy and the waiters are literally walking around doing things as fast as they can.,negative
"I wanted to go there to see if it was worth it and sadly, curiousity got the best of me and I paid dearly for it.",negative
lots of extra space but the keyboard is ridiculously small.,neutral
Expensive but worth it.,positive
"A cheaper price should not equal a ""cheap"" product.",neutral
What a hassle!,negative
It does run a little warm but that is a negligible concern.,neutral
"This is the MOST wonderful restaurant in all of New York City, not just Brooklyn...",positive
"IT DOES NOT TURN ON - IF I TAKE THE BATTERY OUT IT MIGHT WORK, NOT SURE IF IT'S A BAD BATTERY OR COMPUTER!",negative
"So, I switch with my boyfriend again to see if maybe I could stomach the meat and spinach again, but the spinach was so undercooked that I just could not bite through it.",negative
"Regardless, we'll be back and can't wait to visit in the summer to take advantage of the patio.",positive
They only stay charged a little over an hour.,negative
"Easy to carry, can be taken anywhere, can be hooked up to printers,headsets.",positive
I have never been so disgusted by both food an service.,negative
Thinking about returning it,negative
I started out with a Bombay beer which was big enough for two.,positive
Great laptop for the price.,neutral
I expected quite a bit more from such an expensive menu.,negative
"If you want to game, this thing can handle League of Legends on medium-low settings, but I certainly wouldn't recommend it for gaming.",negative
"There is somewhat of a learning curve, but the operating system, and hardware of this Mac are great.",neutral
"For the people who want great food plus great service, Roxy is a place to AVOID!",negative
The sashimi is always fresh and the rolls are innovative and delicious.,positive
Battery life could be better but overall for the price and Toshiba's reputation for laptops it's great!,neutral
Its a very basic laptop.,neutral
"Food took some time to prepare, all worth waiting for.",neutral
"This is undoubtedly my favorite modern Japanese brasserie (that don’t serve sushi), and in my opinion, one of the most romantic restaurants in the city!",positive
It's a bummer and one out of five is being kind.,negative
"I don't do any high tech stuff on it, just write papers, check mail, and sometimes play games, so I can't reccomend it if you are in the computer field.",neutral
The appetizers we ordered were served quickly - an order of fried oysters and clams were delicious but a tiny portion (maybe 3 of each).,positive
They should have called it mascarpone with chocolate chips-good but a far cry from what the name implies.,negative
I have only had PCs with Windows before so this takes a little getting use to.,neutral
One of them seems to have worked.,positive
This place doesn't make any sense,negative
"IT WANT TAKE IT, IT KEEP SAYING ERROR.",negative
The body is a bit cheaply made so it will be interesting to see how long it holds up.,negative
"Despite a slightly limited menu, everything prepared is done to perfection, ultra fresh and a work of food art.",positive
I saved for this laptop for 3 months and I can tell you personally it was worth the wait.,positive
Amma is nothing special.,neutral
Won't or Can't is not in the service directory.,negative
My son and his girlfriend both wanted cheeseburgers and they were huge!,neutral
It is super easy to use.,positive
"The 13"" Macbook Pro just fits in my budget and with free shipping and no tax to CA this is the best price we can get for a great product.",positive
"Tiny, forgivable drawback - no ethernet cable outlet.",neutral
I lost two items I was working on until I figured out what was happening.,negative
"Other than that, I would recommend this to someone in need of a cheap laptop with semi-decent gaming capabilities.",neutral
"After that she simply took our plates, walked away, came back another TWENTY minutes later with the bill and the chicken on it!!!!!!!!!!!!",negative
This netbook went bad on me after 3 days.,negative
"The repairs were made quickly though I must say, however the second time they shipped it to the incorrect address and it took nearly a week for them to get it to me.",positive
The characters really make for an enjoyable experience.,positive
Amazing food.,positive
"The Macbook arrived in a nice twin packing and sealed in the box, all the functions works great.",positive
"Inside is a little cramped, but to be expected.",neutral
This is a great little computer for the price.,neutral
"It super shiny, so you can see the fingerprints easily.",neutral
"Food is usually very good, though ocasionally I wondered about freshmess of raw vegatables in side orders.",positive
You'll need to upgrade and pay a little more for them.,negative
Not a very fancy place but very good Chinese style Indian food.,neutral
amazing fresh dogs but best of all endless toppings!!!,positive
I wasn't really as concerned about portability (it's a very large laptop) but it's not hard to move around or take on a trip which was a pleasant surprise.,neutral
"The lobster knuckles (special of the day) were ok, but pretty tasteless.",neutral
I am taking back today.,negative
Would not recommend.,negative
The computer first started malfunctioning 3 months after purchasing it.,negative
I think that it is absolutely brilliant and well runned business operation.,positive
"I have it a 4 instead of 5 because of the price (just chicken tikka masala - no bread of rice - is $25), which I would expect at a upscale Indian restaurant but this place doesn't have an upscale feel.",negative
I can't begin to say how disappointed I am.,negative
"Food was very good, but not what I would consider out of this world.",neutral
"The atmosphere was pretty nice but had a bit lacking, which it tries to make up for with a crazy scheme of mirrors.",negative
I will never buy another Lenovo anything!,negative
"sometimes i get bad food and bad service, sometimes i get good good and bad service.",negative
"the only problem is that i had to add 1 gb RAM, the computer was kinda slow.",negative
"The food and service were fine, however the maitre-D was incredibly unwelcoming and arrogant.",negative
"The staff has been nice, but they seemed really stressed and the unisex bathroom needs to be cleaned more often.",negative
"The crust has a great bite and a good chew, the sauce is light with a nice acidity to it, the salt from the cheese is great, really heightens the flavor of all the other components.",positive
I've had my fair share of modern Japanese and this spot delivers.,positive
Stepping into Casa La Femme last night was a true experience unlike any other in New York!,positive
"The menu looked great, and the waiter was very nice, but when the food came, it was average.",positive
The food arrived in about 15 minutes.,neutral
"If you don't like fingerprints, this might not be the laptop for you.",neutral
Battery life could be better but overall for the price and Toshiba's reputation for laptops it's great!,neutral
"Bootup time is amazing, battery life is decent and it has a great slim form factor.",neutral
Sturdy but only for typical wear and tear.,neutral
It's a great product for a great price!,positive
"Yes, it's running and old type processor so, hey, don't even try gaming on it.",negative
"Other guests enjoyed pizza, santa fe chopped salad and fish and chips.",positive
Was surprisingly disappointed.,negative
I would like at least a 4 hr. battery life.,negative
"From the build quality to the performance, everything about it has been sub-par from what I would have expected from Apple.",negative
"As BFC doesn't take reservations you almost always have to wait by the bar - and be abused by the front of house staff until you are seated, which can be over an hour later!",negative
"Price is great, wish it didn't have Windows 8, but that is an opinion.",positive
The environment is very upscale and you will see a lot of rich guys with trophy wives or just highly paid escorts.,neutral
little short on RAM but you get what you pay for.,neutral
They loved it.,positive
i needed one to be able to carry to work everyday and this one seems to fit all of the criteria.,positive
"So, if you're walking by and thinking about dining, you might want to see who's going to be seating you first...",negative
The frizzy retro girl (with winged/ Dame Edna glasses) will yell at you if you try to order a drink.,negative
Cheese plate is a varied delight and great bargain at $10.,positive
This is an ok computer.,neutral
DEFINITELY recommended!!!,positive
"Second, it gets scratches easily and when it gets old some thing may operated",negative
"The delivery was fast, and I would not hesitate to purchase this laptop again.",positive
The bar is very well stocked with interesting beers and well priced wines.,positive
"This things run smoothly for its price, and the battery life seems to go on forever.",neutral
You will not regret buying such a great thing like this!,positive
Love it.,positive
Not bad.,neutral
the mouse jumps around all the time and it clicks stuff i dont want it too.,negative
"If you're the type of person that just likes to browse the Internet and enjoy media and do light work with Microsoft office, this is the laptop for you.",positive
"great food, great wine list, great service in a great neighborhood...",positive
Vanison was good but not amazing.,neutral
"the headphone and mic jack are in front of touch-pad making the touch-pad hard to use when using headphones/mic, not to mention the laptop was designed for right handed person.",negative
"As many other reviewers noticed, your order is often slow to arrive - this is particularly true in the evening but is not a problem during lunch time.",neutral
"The laptop itself is very good, it could be better, but not bad at all for it's price point.",neutral
"So i gave this 4 stars but only because of the poor picture quality, other than that it is a great buy!",negative
when i first got it i thought the size of it was a joke.,neutral
She was very helpful in suggesting us drinks and helped us in ordering a lot of good dishes since we knew nothing about Indian food.,positive
Great atmoshere and worth every bit.,positive
"Been there, done that, and New York, it's not that big a deal.",neutral
But that wasn't the icing on the cake: a tiramisu that resembled nothing I have ever had.,negative
"Consequently, their burgers fell apart in their hands and made such a mess that they did'nt feel like finishing them.",negative
The machine has a bluray player the book has no mention of it or how to connect it to your HDTV.,negative
Excellent product for the money.,neutral
The wait staff is very courteous and accomodating.,positive
"It crashes, and when it goes flat, it just DIES (like a PC, maybe worse) and I loose all my open documents!",negative
"Screen is crystal clear, yes it's small - but it's a netbook!",neutral
"I did have to replace the battery once, but that was only a couple months ago and it's been working perfect ever since.",neutral
The product is average and works well.,neutral
The food was lousy - too sweet or too salty and the portions tiny.,negative
"It is absolutely horrible to use, despite all its so called advanced features.",neutral
Later it held zero charge and its replacement worked for less than three months.,negative
But no one could tell me when my part would be shipped nor could they tell me where to buy it ON THEIR WEBSITE!!!,negative
I have to highly recommend the lobster roll - not to much mayo; you can tell it was a fresh lobster.,positive
In the first moth of owning this computer its hardrive failed which had to be replaced.,negative
Now the machine won't connect and Toshiba says that they did replace the connection card in May but they only warranty the repair for 30 days and now I'm out of warranty even though this has been a constant 5 month occurance since I bought the netbook.,negative
"Not a bad laptop, it's a bit slow, but gets the job done.",positive
"lobster was good, nothing spectacular.",neutral
"I wasn't thrilled to have to wait on line for thirty minutes, but I guess that's the price you pay for a popular place.",neutral
"But with A WAY Bigger Screen, and IS able to connect to an HDMI.",positive
"The decor is vibrant and eye-pleasing with several semi-private boths on the right side of the dining hall, which are great for a date.",positive
The keyboard is backlit but you have to press the F5 key to turn it on.,neutral
the laptop preformed pretty well.,neutral
Great place to relax and enjoy your dinner,positive
It rarely works and when it does it's incredibly slow.,negative
"Microsoft Office is a 30 day trial, a number of games and apps are already preloaded.",neutral
"Yes, I thought the expese was a little much, but I now realize you get what you pay for.",neutral
"By the time we left our wallets were empy and so were our stomachs AND we missed the show we were supposed to see following our dinner, which would have been acceptable if we got to enjoy the experience of good food and belly dancers!",negative
Great pick for portability and affordability.,positive
the graphics are awful and the wireless switch it at the top rather than the side which I am used to it being on the side.,negative
"Firstly, it has no leds to let you know what is going on, no cap lock, no hard drive indicator, nothing.",negative
Page just disapeared after you got yahoo or downloaded something.,negative
"It DOES come with two usb 2.0 ports, a hdmi port, and a webcam.",neutral
There is nothing to complain about the system.,positive
Highly recommend for daily use.,positive
Maybe not the cutting edge (Satellite L455D) but it is a workhorse.,neutral
"Its Office compatible, but the features and its functioning is all new again so you might as well save the money and just learn the pre installed mac programs.",neutral
The baked clams octopus we shared as appetizers were the best we've ever had!!,positive
Good laptop for the money.,neutral
"Rude service, medicore food...there are tons of restaurants in NY...stay away from this one",negative
"Each time we've been, the front of house staff (not the waiters - they're fantastic - but the people who greet and seat you) has been so hideous to us that were it not for the exceptional fish dishes I would never return.",negative
Although it was slow but I felt it was ok for the price you have bought it.,neutral
Overall build quality is cheap.,negative
But the staff was so horrible to us.,negative
"Don't get me started on the margaritas, either.",negative
"Not only is it an adventure getting to this somewhat hidden spot, once you enter the unmarked wooden doors, the zen and intimate décor will make you feel like you’re no longer in the city.",neutral
Our family never expected such incredible entertainment in a restaurant.,positive
The restaurant is cute but not upscale.,neutral
We were 4 and got the family size penne a la vodka which was tremendously gigantic portion...a bucket of food literally.,positive
my niece and nephew have played a few web games and it runs anything that doesn't require a dedicated video card.,neutral
"I hate to say this, but if I could take this back to the shop and get my money back, then I would.",negative
"Not only is the cuisine the best around, the service has always been attentive and charming.",positive
"the screen is big, and everything was as described",positive
It was $14 not really bad for a pound of Pastrami-but it didn't have much taste-I've had better for less elsewhere!,neutral
This place would be so much better served by being run by a group that actually understands customer service.,negative
Everything we had was good or ok....but definitely nothing great.,neutral
"However, I think this place is a good hang out spot.",positive
Then after paying for it to be examined I was told it was same problem cited on website but I'd have to pay anyways since it was past warrenty.,negative
I'M REALLY FRUSTRATED BY THIS EXPERIENCE.,negative
"The design is awesome, quality is unprecedented.",positive
The reflectiveness of the display is only a minor inconvenience if you work in a controlled-lighting environment like me (I prefer it dark) or if you can crank up the brightness.,neutral
This is a nice pizza place with good selection of thin crust pizza including the Basil slice.,positive
i really have nothing negative to say about it.,positive
"I had to call Apple 19 times (each time 40 to 75 minutes on the phone), and take it to their store for evaluations, and diagnostics, 5 times.",negative
I'm excited to learn more about what this powerful machine has to offer and encourage others to do the same.,positive
They sent it back with a huge crack in it and it still didn't work.,negative
"In two months, both the power cord pin broke (the company replaced it) and then the CD drive literally jumped out of the laptop unannounced and shattered into a million pieces.",neutral
"still testing the battery life as i thought it would be better, but am very happy with the upgrade.",neutral
"a bit ugly,but works good",negative
"Very ""normal Indian food"", but done really well.",neutral
Pretty premium feel for the low price.,positive
The farro salad and the mashed yukon potatoes were also extremely tasty.,positive
Windows 8.1 has its pros and cons.,neutral
"The repairs were made quickly though I must say, however the second time they shipped it to the incorrect address and it took nearly a week for them to get it to me.",negative
It's just a little slow.,negative
Wine list selection is good and wine-by-the-glass was generously filled to the top.,positive
Then after 4 or so months the charger stopped working so I was forced to go out and buy new hardware just to keep this computer running.,negative
"Best Indian Chinese in the city, by far!",positive
The speakers are terrible and are probably the cheapest ones I have ever seen in a laptop so if your planning to listen to music I suggest you get something better.,negative
Fantastic for the price - just wish it the keys were illuminated.,neutral
Pacifico is a great place to casually hang out.,positive
"My friends settled for rice dishes, but we came back the following day to try the dim sum, which was good...not outstanding, but good.",neutral
"Most everything is fine with this machine: speed, capacity, build.",positive
This is without a doubt the worst laptop I've ever had.,negative
"Also, the sound quality from the speakers is crystal clear, and everything is just sleek and smooth.",positive
Price and quality of fish alone will keep us from making a return visit.,negative
The sauce tasted more like Chinese fast food than decent Korean.,negative
"Maitre-D-""Eat and get out""",negative
"It is not a small, compact laptop, but I won't be traveling via air often, so its size and weight is not a problem for me.",neutral
"The touch pad takes a little getting used to as the ""click"" buttons are on top instead of the bottom.",neutral
Its a good laptop for its value.,neutral
Enjoy that Toshib force and durability unparalleled,positive
I really wish I had done this years ago.,positive
"The only negative would be that it gets pretty warm sitting on my lap for very long, but that is pretty much standard for all lop tops I think.",neutral
i spent eight hundred dollars from a giant paper weight that looks good on a bus.,neutral
"The ambience was nice, but service wasn't so great.",positive
It is so much easier to use,positive
"I have Vista, so I am unable to install and uninstall  some programs.",negative
"while the keyboard itself is alright, the plate around it is cheap plastic and makes a hollow sound when using the mouse command buttons.",neutral
"I bought it from HSN because it was ""bundled"" with extra software, but as it turns out, that software just crashes it more often.....",neutral
"Needed a 2 usb adapt. for network plug, no problem.",neutral
I would recommend this laptop to anyone looking to get a new laptop who is willing to spend a little more money to get great quality!,neutral
"I'm perfectly satisfied, just have to get use to the new 6.1 system I can't see a problem.",neutral
Haven't quite figured out how to make the font size larger overall.,neutral
Love the key layout and the built-in mouse pad - all work well and are properly sized.,positive
sometimes i get good food and ok service.,neutral
This place has got to be the best japanese restaurant in the new york area.,positive
This laptop is very large and barely fits in any carrying cases.,negative
I tried a couple other dishes but wasn't too impressed.,neutral
I wasn't here for the pizza so I can't comment on that yet but what I had was very good.,positive
"I would definitely reccomend this if you are in the market for an easy to use, stylish, fun, awesome computer.",positive
Helpful service and average price per dish $10.,positive
"Being a PC user my whole life, it's taking a bit of time to adapt to the OS of a Mac but I'm finding my way around.",neutral
We did arrive late for our reservation so I can not complain too much about the wait for a table.,neutral
"In any event, this is a place I'll be sure to stop by again when I'm in this part of town.",positive
Just for simple web browsing and media streaming.,neutral
After the warrenty expired the hard drive went bad and it would have cost more to fix then to replace.,negative
2) Blue screen first month,negative
"I highly recommend the fish tacos, everything else was ok.",neutral
I literally just got back home after visiting Casa La Femme and was so offended by my visit felt it necessary to try and warn other diners who value their money and time.,negative
It's ok.,neutral
"Mine came at $1,700 w/o a DVD burner (!).",negative
Its ease of use and the top service from Apple- be it their phone assistance or bellying up to the genius bar- cannot be beat.,positive
"The mussles were the fishiest things I've ever tasted, the seabass was bland, the goat cheese salad was missing the goat cheese, the penne w/ chicken had bones in it... It was disgusting.",negative
Price and quality of fish alone will keep us from making a return visit.,negative
We both opted for a pasta dish and they were served timely and fresh.,positive
Remind me of home.,positive
The food is okay and the prices here are mediocre.,neutral
How is this palce still open?,negative
"I Contacted HP  about this situation and was given excuses, without results.",negative
"The food is amazing, rich pastas and fresh doughy pizza.",positive
"The video card is great for media, and above average for gaming, but not a gamers first choice.",negative
Highly recommended.,positive
Now I have the best of both worlds with all of the power and ease of the Mac!,positive
HIGHLY RECOMMENDED!!!!!,positive
"The laptop is very lightweight, can easily carry around in a knapsack full of text books and it barely adds any weight.",positive
A little noise but I think that was because of our party!,neutral
And the Tom Kha soup was pathetic.,negative
also the keyboard does not liht up so unless your sitting in a room with some light you cant see anything and thats bad for me because my boyfriend tends to watch tv in the dark at night which leaves me with no way of seeing the keyboard.,negative
Avoid this place!,negative
I got the blue screen of death the first month I got it.,negative
"However, go for the ambience, and consider the food just a companion for a trip across the world!",neutral
I have not have any problems.,positive
Not bad for the price.,neutral
The iLife software that comes with the computer is so simple to use and produces a great finished product.,positive
It does make a little noise but that's alright as it's not too much.,neutral
THIS is what a laptop is supposed to be.,positive
"It has a decent feel to it, sharp display and is fast enough.",neutral
"Our waitress wasn't mean, but not especially warm or attentive either.",neutral
I wonder if thats just Apples way of saying its time to get the newest and greatest laptop 3-4 years from now lol.,neutral
I had a huge pastrami sandwich on a roll.,neutral
Not bad for the price.,neutral
I'm sure I'll return for a final judgement tho.,neutral
It works fine for a PC in this price range.,neutral
May be better for the occasional web surfer.,neutral
"The food was excellent as well as service, however, I left The Four Seasons very dissappointed.",positive
"Of course, it is crowded but who cares.",neutral
The food now is inconsistent.,negative
"Fast, great visual!",positive
To be honest i think it was faulty equipment or something but idk.,negative
This system came loaded with Windows 7 Starter.,neutral
"And it all comes at a very reasonable price (congee, noodles, and rice dishes are no more than $3-6 each).",positive
The high prices you're going to pay is for the view not for the food.,negative
"In the three years I've had my MacBook Pro, I have never had a virus on my computer, and I do a lot of work on the internet.",positive
The restaurant is a bit noisy but that is something that can be overlooked once you sit down and enjoy a great meal,neutral
Now the speed is disappointing.,negative
"So, buyers beware!",negative
The decor however seems to be the distraction so you won't notice that you just payed 300 bucks for some cold eggplant that took 2 FRICKIN HOURS TO COME!!!!,neutral
Well worth the extra cost.,neutral
It is quiet and a real joy to watch work.,positive
"The place is a bit hidden away, but once you get there, it's all worth it.",neutral
"I purchased a  Dell Inspiron I3531-1200BK and so far I love it, this model has a true life monitor, which is worth the extra bucks.",neutral
"The signs, the specials menus, food, and even all the waitstaff are ALL TOTALLY Japanese.",positive
It's solid.,positive
Terrific value for the money.,neutral
"Its fast, powerful, screen display is top notch and the battery life is excellent for a laptop of this size.",neutral
"It is well worth the money it cost, Very good investment.",positive
"We thought the dessert would be better, Wrong!",negative
This restaurant is VEGETARIAN; there are NO MEAT dishes whatsoever.,negative
"And it all comes at a very reasonable price (congee, noodles, and rice dishes are no more than $3-6 each).",positive
I never write on these sites but this restaurant is def worth commending!,positive
"I have known about this secret for the last 13 years, Emilio(the Godfather) has continued to serve food and wine for the gods at mortal prices.",positive
The book is useless.,negative
Good luck getting a table.,neutral
It has good speed and plenty of hard drive space.,positive
my niece and nephew have played a few web games and it runs anything that doesn't require a dedicated video card.,neutral
"Speakers don't get that loud, but good enough.",neutral
"The screen graphics and clarity, and sharpness are great.",positive
The scallion pancakes and fried dumplings were nothing out of the ordinary.,neutral
I got the black MacBook two years ago and have never regretted it.,positive
Not what I would expect for the price and prestige of this location.,negative
i am giviing it four stars instead of five because of no disk drive and the crashing,negative
That's the downside for me.,negative
overall i would recomend this to anybody and tell them that if they want to burn their music or play there video games to buy the cd drive.,neutral
Not what I would expect for the price and prestige of this location.,neutral
They are loud and clunky but I figured I'd get used to it.,neutral
MY husbands birthday and my sons was not as it was intended... and we drove two hours to spend too much money to be treated terribly!,negative
"excellent item, shipped on time, met my expectations, it doesnt heat at all, dont use it for gaming",negative
Just a bunch of idiots who's English as a 5th language is forced at best.,negative
"The price was very good, and the product is top quality.",positive
"Bagels are ok, but be sure not to make any special requests!",neutral
"Still, any quibbles about the bill were off-set by the pour-your-own measures of liquers which were courtesey of the house...",neutral
We were less than impressed.,negative
Prices are fair across the board for both food and bev.,positive
"One positive aspect of this laptop is the keyboard, which is larger than usual.",positive
Don't waste money on decor.,neutral
"Overall, decent food at a good price, with friendly people.",neutral
"For desserts, we tried the frozen black sesame mousse (interesting but not extraordinary) and matcha (powdered green tea) and blueberry cheesecake, which was phenomenal.",neutral
do not use the facial recognition,negative
"More times that not the screen pops up saying I have a bad internet connection, or the page can't be displayed.",negative
Built in mike is really poor and unusable for Skype or any other purpose.,negative
The graphics are stunning.,positive
I highly recommend it.,positive
"So close, but not good enough.",neutral
Love Al Di La,positive
overpriced japanese food with mediocre service,neutral
This is a nice restaurant if you are looking for a good place to host an intimate dinner meeting with business associates.,positive
"If you are a gamer or need it for heavy computer use, get something else.",negative
It's catatonic.,negative
"The entree was bland and small, dessert was not inspired.",negative
This is definitely a computer worth the money;,positive
Consistently good Japanese Tapas.,positive
Make sure you have the Spicy Scallop roll.. .,positive
I am actually offended to have spent so much money on such a bad experience.,negative
"But other than that, I really am loving the quality and speed.",positive
"Very dissappointed becase I have had toshibas for years, and never a issue.",negative
There is a little indent to help open it - but good luck with that.,neutral
"I had my IWORKS, Itunes, Email, MS Office, network and printers set up and completely working perfectly within an hour.",positive
I have to keep turning it until it decides to lower and there is no mute.,negative
"Despite the fact that there's no optical drive, everything is perfect.",neutral
too large for just two people but nothing was left.,neutral
Food was good not great not worth the wait or another visit,neutral
Feels like solid state.,positive
I took it to friend who temporarily fixed it and I finally paid about 1500 for the extended warranty.,neutral
Kind of a small place but I guess if they are not too busy might be able to fit a group or kids.,neutral
"The touch pad takes a little getting used to as the ""click"" buttons are on top instead of the bottom.",neutral
"The pro is a great product, I wish that the 13 inch models came with the Intel i processors and had a more comfortable edge (the edges hurt my wrists).",neutral
"With so many good restaurants on the UWS, I don't need overpriced food, absurdly arrogant wait-staff who don't recognize they work at a glorified diner, clumsy service, and management that doesn't care.",negative
dell is a decently made pc.,neutral
"Service is not exactly five star, but thats not really a big deal.",neutral
I was disappointed when I realized that the keyboard doesn't light up on this model.,negative
"Don't expect great graphics, though.",neutral
THE BIG COMPLAINT: NO TOASTING AVAILABLE.,negative
They are loud and clunky but I figured I'd get used to it.,negative
Ease of use is just one of the benefits I love about my Mac.,positive
We took advanatage of the half price sushi deal on saturday so it was well worth it.,positive
"I am not going to sit here and complain about it not having a cd drive and what not because it is a netbook, it is made to be compact and if you want all the other stuff get a laptop.",neutral
Oh and if thats not bad enough it doesn't come with a recovery cd so you can make one if you know how to or buy one if you buy it the cost is $25 for two cds.,negative
The wine list is extensive and can easily hike up an otherwise reasonably priced meal.,positive
I'm still exploring the various features but overall I am satisfied with my purchase.,neutral
I thought this place was totally overrated.,negative
Poor service and management,negative
Basic computer.,neutral
I am relatively new to the area and tried Pick a bgel on 2nd and was disappointed with the service and I thought the food was overated and on the pricey side.,negative
sometimes you will be moving your finger and the pointer will not even move.,negative
I custom ordered the machine from HP and could NOT understand the techie due to his accent.,negative
Zero ambiance to boot.,negative
"I'm a friendly person, so I wouldn't mind had she not been so nasty and gotten so personal.",negative
Baluchi's has solid food and a nice decor at reasonable prices.,positive
"To sum it up: Service varies from good to mediorce, depending on which waiter you get; generally it is just average Ok.",neutral
"The Four Seasons has history and it is a sort of landmark of New York City restaurants, but trust me, they will charge you through the nose just so that you can say ""I've been to the four seasons restaurant"".",neutral
It just wasn't Thai.,negative
I think this computer is super lame.,negative
"But, for the cost this is a winner.",neutral
Still trying to learn how to use it.,neutral
its alright,neutral
Peformance is good for the price.,neutral
"Rude service, medicore food...there are tons of restaurants in NY...stay away from this one",neutral
The food is okay and the prices here are mediocre.,neutral
A quintessential slice of NYC pizza.,neutral
"The side dishes were passable, and I did get a refill upon request.",neutral
The sushi is amazing!!!,positive
"The processor screams, and because of the unique way that Apple OSX 16 functions, most of the graphics are routed through the hardware rather than the software.",positive
"Bigger HD, better graphics card, and a bid HD.",positive
It may take a little getting used to but you don't have to worry about viruses or other headaches.,neutral
It made the computer much easier to use and navigate.,positive
It's truly a great laptop for the price.,neutral
"I love this product because it is Toshiba and its 15.6"".",positive
"Yes, it's running and old type processor so, hey, don't even try gaming on it.",neutral
This place is always packed.,neutral
I have never before eaten 40 pieces of relatively good nigiri.,neutral
"If you buy this - don't go into it expecting 7 hrs of battery life, and you'll be perfectly satisfied.",positive
"It may be a bit packed on weekends, but the vibe is good and it is the best French food you will find in the area.",neutral
I did not try the caviar but I tried their salmon and crab salad (they are all good),positive
Satisfy what I paid for it.,neutral
"How this place survives the competitive west village market in this economy, or any other for that matter, is beyond me.",negative
Please be aware that it's CASH or AMEX only!,neutral
"The mouse click is a bit loud, but it really isn't a problem.",neutral
I love this laptop to the moon.,positive
tons of bloatware and junk programs.,negative
"The only thing you can do here is walk in and eat .. but planning an event, especially a small, intimate one, forget about it.",negative
It's super fast and a great value for the price!,neutral
Although we were looking for regular lettuce and some walnuts the salads we got were great.,positive
It's to die for!,positive
"It has no camera but, I can always buy and install one easy.",neutral
"Also the speakers are not very loud, But it is a netbook.",neutral
The mouse is a little bit different than what you're used to though- it has one big flat panel and one full bar (instead of two separate ones) to click with- but you get used to it quite quickly.,neutral
"LOVE THE SIZE, I AM USING THIS FOR WORK, I AM A NURSE AND HAVE TO CHART DAILY, THIS IS EASY TO USE AND I HAVE NOT HAD ANY PROBLEMS WITH IT.",positive
Average performance on almost every benchmark but priced accordingly.,neutral
COMPUTER HAS BEEN AT SERVICE FACILITY MORE THAN IN MY HANDS.,negative
"The bibimbap was average, but the stone bowl wasn't even close to sizzling.",neutral
It is in the best condition and has a really high quality.,positive
"excellent item, shipped on time, met my expectations, it doesnt heat at all, dont use it for gaming",positive
"Delicious, creative and fun.",positive
"Its Office compatible, but the features and its functioning is all new again so you might as well save the money and just learn the pre installed mac programs.",positive
"The pizza is delicious - they use fresh mozzarella instead of the cheap, frozen, shredded cheese common to most pizzaria's.",positive
Restaurant with a view,neutral
I LOVE it!,positive
"Again, no apology, no is there anything else I can get you, no can I get you a drink to make up for it, nothing!!!!",negative
"For the people who want great food plus great service, Roxy is a place to AVOID!",negative
Breaking within 1 year of purchase and speaking to 4+ people to report the damaged part will be returned late!,negative
"Again, I'd be super upset if that were my employee.",negative
It has some bloat wear that I wish weren't there.,negative
"Though it's been crowded most times I've gone here, Bark always delivers on their food.",neutral
It takes a long time to load any page.,negative
"La Rosa waltzes in, and I think they are doing it the best.",positive
"I love windows 7 but i can't give Toshiba any credit for that, unless y'all get serious about ergonomics and making required connections less obtrusive i will be looking to different manufacturer next time.",positive
Too bad the food wasn't of the same heritage.,negative
Once I removed all the software the laptop loads in 15-20 seconds.,neutral
Pretty good laptop.,positive
"The screen takes some getting use to, because it is smaller than the laptop.",neutral
The environment is very upscale and you will see a lot of rich guys with trophy wives or just highly paid escorts.,neutral
"I bought this netbook for traveling, and it's great - light, functional, and meets my needs.",positive
"i use my mac all the time, i love the software, the way it takes a short time to load things, how easy it is to use and most of all how you don't have to worry about viruses.",positive
"I upgraded it's RAM to 2GB, I am very happy with it.",positive
Excellent LED monitor and well equipped.,positive
in 5 months the connect quality got worse and worse.,negative
Weaknesses:A bad videocard!,negative
"I use a wireless mouse, but the touch pad and the ""red button"" in the middle that works like a little ""joystick"" also work fine.",positive
"Nice and light, seems to help your work instead of becoming work itself.",positive
The pizza is yummy and I like the atmoshpere.,positive
"And of course, the return window closed last week so now, I'm stuck with it.",negative
The only problems are the sound isnt very loud I have to wear headphones.,negative
Had no flavor and the staff is rude and not attentive.,negative
"I have it a 4 instead of 5 because of the price (just chicken tikka masala - no bread of rice - is $25), which I would expect at a upscale Indian restaurant but this place doesn't have an upscale feel.",negative
Don't waste your money or time.,negative
for being so small it is amazing that it is as fast as it is.,neutral
"If you want a computer that plays games or any advanced tasks like editing video, this computer is NOT for you.",negative
The screen shows great colors.,positive
Great for web design and general work.,positive
It has no way of connecting to the internet save wifi but that's all I use anyway!,neutral
But who says Murray's is anything about service.,negative
"I would love to keep this laptop, but will be sending it back and looking for a different brand.",negative
Good price.,positive
I just hope the reputation that Toshiba has is true and I won't have to worry about a crash.,neutral
No plans to return anytime soon.,negative
The lunch buffet is expensive but is deff worth it.,positive
Might not make the avid gamer happy but I don't really think that is what this computer is designed for.,neutral
Battery life could be better but overall for the price and Toshiba's reputation for laptops it's great!,neutral
"It may be a bit packed on weekends, but the vibe is good and it is the best French food you will find in the area.",positive
"I can't wait for summer, when they serve outside on their gigantic patio.",positive
I finally decided on this laptop because it was the right price for what I need it.,positive
"the key bindings take a little getting used to, but have loved the Macbook Pro.",neutral
So to communicate I need to wear ear plugs or a headset with a built-in mike.,negative
I don't like WINDOWS 8 but that is no fault of the computer but the keyboard is so hard to get the keys to work and the space bar.,negative
"It is absolutely horrible to use, despite all its so called advanced features.",negative
Battery life is astonishing given the processing power and high resolution display.,positive
"But after using it a couple of weeks, the overall operation is poor.",negative
"The webcam is nothing special, its there if you need it.",neutral
"IT DOES NOT TURN ON - IF I TAKE THE BATTERY OUT IT MIGHT WORK, NOT SURE IF IT'S A BAD BATTERY OR COMPUTER!",negative
I highly recommend this laptop to anybody that wants great performance from a laptop and would like to relax and not become enraged cursing the gods about to throw your laptop out the door.,positive
"Screen is awesome, battery life is good.",positive
I HAVE NEVER EVER HAD SUCH AN UNPLEASANT EXPERIENCE.,negative
"Not super fancy, but not super expensive either.",neutral
"This is an over-sized, 18-inch laptop.",negative
Disc drive will not open or function,negative
I have been very pleased with the performance of this laptop.,positive
the only down fall is that it has no cd drive but i found that they are very cheap to by and also very portable making this the best friend to someone who is always looking for more space then they have.,neutral
"Needs Power and Mouse Cable to Plug in back instead of side, In the way of operating a mouse in small area.",neutral
"they were dry and disgusting, i didn't even finish my first piece.",negative
This is a great value for the money.,neutral
Meh...but cheap.,neutral
The design and atmosphere is just as good.,positive
"I think the manual is somewhere on the hard drive, but I rather have a hard copy.",neutral
"Not a bad laptop, it's a bit slow, but gets the job done.",neutral
"Rao is a good restaurant, but it's nothing special.",neutral
"The have over 100 different beers to offer thier guest so that made my husband very happy and the food was delicious, if I must recommend a dish it must be the pumkin tortelini.",positive
"The screen is a little glary, and I hated the clicking buttons, but I got used to them.",neutral
please don't fool us.,negative
THE 8.1.WAY DIFFERENT THAN MY OTHER COMPUTER SO WE HAVE TO GET USE  TO IT.,neutral
Service is average.,neutral
I absolutely Loved this place.,positive
"Start up is fine  maybe 20 secs at most, but then to get pages to load on internet is molasses at times.",negative
"This is likely due to poor grounding and isolation between the components, and I'm hoping that it can be fixed with a ground loop isolator, but I still expected better product quality for this price range.",neutral
"The screen is huge and coloful, but no LED backlighting.",negative
Big thumbs up!,positive
"I waited another month for approval and for them to ""BUILD"" me a new laptop.",negative
Probably would not go again...,negative
"Everything is always cooked to perfection, the service is excellent, the decor cool and understated.",positive
I would totally recommend any other laptop over this pile of grabage.,negative
i can run somewhat modern games like Skyrim and Fallout New Vegas with no issues.,positive
Another issue I have with it is the battery.,negative
used 6 times black screen returned for refund,negative
it is the worst computer dell ever made.,negative
"The pasta was well cooked, didn't have enough sauce though or flavor.",negative
"But, they were too big for the bun.",negative
Doesn't have touch screen but I have a tablet so that wasn't so important.,neutral
Very happy with my 7th Toshiba laptop!,positive
"The screen takes some getting use to, because it is smaller than the laptop.",neutral
"As a computer science student in college, I find that the portability, longevity, and ease of use of this computer make me (shockingly) want to do homework more;",positive
but the service was a bit slow.,negative
"I highly recommend Cafe St. Bart's for their food, the ambience and wonderful service.",positive
I ate here a week ago and found most dishes average at best and too expensive.,negative
That whole experience was just ridiculous we sent it in and after they told us that we had to pay $175 to fix it we were like we will just by a portable mouse which would be way cheaper but they refused to send the laptop back until we paid the $175 and it was fixed.,negative
"I would definitely reccomend this if you are in the market for an easy to use, stylish, fun, awesome computer.",positive
"those rolls were big, but not good and sashimi wasn't fresh.",negative
"Crisp screen, great battery life, and plenty of storage.",positive
the only drawback is no DVD player.. but for $20 you can buy an external one,neutral
Mizu is the Japenese find in Grammercy.,positive
for the price this is a super product out of the box.,neutral
They all know you.,positive
Don't miss Bloom's on your next trip to Manhatten.,positive
I constantly had to send my laptop in for services every 3 months and it always seems to be the same problem that they said they had already fixed.,negative
Had an awful experience at Casa la Femme on a Saturday dinner.,negative
It was well worth the wait.,positive
